,index,0,0
0,0,0.6622418761253357,0.7340052127838135
1,1,0.7623783349990845,0.8223003149032593
2,2,0.7855738997459412,0.7900332808494568
3,3,0.7980620265007019,0.7868897914886475
4,4,0.8093013763427734,0.823502242565155
5,5,0.8154991865158081,0.8151811957359314
6,6,0.8223214149475098,0.8116679191589355
7,7,0.825744092464447,0.848557710647583
8,8,0.8327975869178772,0.83478182554245
9,9,0.835503339767456,0.8421782851219177
