,index,0,0
0,0,1.0161080360412598,0.7594144940376282
1,1,0.684748113155365,0.5362676978111267
2,2,0.6150715351104736,0.6065589785575867
3,3,0.5666764974594116,0.6009113788604736
4,4,0.5420235395431519,0.5207380056381226
5,5,0.5134279131889343,0.5469592809677124
6,6,0.491784930229187,0.5471752285957336
7,7,0.4815714657306671,0.46224164962768555
8,8,0.4508276581764221,0.49093857407569885
9,9,0.44221121072769165,0.4854772090911865
