,index,0,0
0,0,0.7567817568778992,0.8404216170310974
1,1,0.8313175439834595,0.8452293276786804
2,2,0.8509516716003418,0.8432877063751221
3,3,0.859600841999054,0.8355214595794678
4,4,0.9003491997718811,0.8949704170227051
5,5,0.9090446829795837,0.8947855234146118
6,6,0.91452556848526,0.8937684893608093
7,7,0.9173238277435303,0.8923816680908203
8,8,0.919705867767334,0.8956176042556763
9,9,0.9244235754013062,0.8979290127754211
