,index,0,0
0,0,0.7174063324928284,0.4729032814502716
1,1,0.4955705404281616,0.46610739827156067
2,2,0.43721166253089905,0.48701485991477966
3,3,0.3998149037361145,0.4932478070259094
4,4,0.27362489700317383,0.3333176076412201
5,5,0.24372558295726776,0.33355292677879333
6,6,0.23059581220149994,0.3332180380821228
7,7,0.21767738461494446,0.33617761731147766
8,8,0.2103167623281479,0.3291279673576355
9,9,0.19802212715148926,0.32340535521507263
